OBJECTID,inci_id,chrgdesc,date_occu,frmBlock,street,Address
83705,2018004315,ASSAULT/SIMPL/HSHLD,2018-01-01T00:00:00.000Z,1200,STRATFORD RD,"1200 STRATFORD RD Lynchburg, VA"
83706,2018000007,AUTO THEFT,2018-01-01T01:55:00.000Z,1800,12TH ST,"1800 12TH ST Lynchburg, VA"
83707,2018000023,LARCENY - OTHER,2018-01-01T03:00:00.000Z,400,RIVERSIDE DR,"0400 RIVERSIDE DR Lynchburg, VA"
83708,2018000008,DUI,2018-01-01T03:55:00.000Z,100,ADAMS DR,"0100 ADAMS DR Lynchburg, VA"
83709,2018000178,ASSAULT/SIMPLE,2018-01-01T08:00:00.000Z,1900,TATE SPRINGS RD,"1900 TATE SPRINGS RD Lynchburg, VA"
83710,2018000015,ASSAULT/SIMPL/HSHLD,2018-01-01T13:09:57.000Z,1300,BEDFORD AVE,"1300 BEDFORD AVE Lynchburg, VA"
83711,2018000016,LARCENY - FROM VEHICLE,2018-01-01T15:03:14.000Z,800,WYNDHURST DR,"0800 WYNDHURST DR Lynchburg, VA"
83712,2018000025,ASSAULT/SIMPL/HSHLD,2018-01-01T17:00:20.000Z,400,BLACKFORD ST,"0400 BLACKFORD ST Lynchburg, VA"
83713,2018000026,ASSAULT/ON POL OFFI,2018-01-01T17:44:00.000Z,600,5TH ST,"0600 5TH ST Lynchburg, VA"
83714,2018000086,ASSAULT/SIMPLE,2018-01-02T00:00:00.000Z,2500,LINKHORNE DR,"2500 LINKHORNE DR Lynchburg, VA"
83715,2018000304,LARCENY - VEHICLE PARTS,2018-01-02T00:00:00.000Z,5400,PLEASANT VALLEY RD,"5400 PLEASANT VALLEY RD Lynchburg, VA"
83716,2018000039,ASSAULT/SIMPLE,2018-01-02T09:08:00.000Z,3100,WARDS FERRY RD,"3100 WARDS FERRY RD Lynchburg, VA"
83717,2018001900,LARCENY - OTHER,2018-01-03T00:00:00.000Z,200,LANGHORNE LN,"0200 LANGHORNE LN Lynchburg, VA"
83718,2018000112,LARCENY - OTHER,2018-01-03T11:00:00.000Z,1500,MAIN ST,"1500 MAIN ST Lynchburg, VA"
83719,2018000094,ASSAULT/SIMPL/HSHLD,2018-01-03T13:00:00.000Z,1400,KEMPER ST,"1400 KEMPER ST Lynchburg, VA"
83720,2018000113,ASSAULT/SIMPLE,2018-01-03T15:54:57.000Z,800,GREENFIELD DR,"0800 GREENFIELD DR Lynchburg, VA"
83721,2018000111,LARCENY - OTHER,2018-01-03T16:29:23.000Z,3400,OLD FOREST RD,"3400 OLD FOREST RD Lynchburg, VA"
83722,2018000136,ASSAULT/SIMPL/HSHLD,2018-01-03T21:20:00.000Z,800,GREENFIELD DR,"0800 GREENFIELD DR Lynchburg, VA"
83723,2018000438,LARCENY - FROM VEHICLE,2018-01-04T12:00:00.000Z,1300,FLOYD ST,"1300 FLOYD ST Lynchburg, VA"
83724,2018000225,LARCENY - FROM VEHICLE,2018-01-04T18:30:00.000Z,6000,FORT AVE,"6000 FORT AVE Lynchburg, VA"
83725,2018000372,LARCENY - SHOPLIFTING,2018-01-04T20:30:00.000Z,3900,WARDS RD,"3900 WARDS RD Lynchburg, VA"
83726,2018000204,LARCENY - SHOPLIFTING,2018-01-04T20:52:35.000Z,2200,LANGHORNE RD,"2200 LANGHORNE RD Lynchburg, VA"
83727,2018000207,ASSAULT/SIMPL/HSHLD,2018-01-04T22:20:00.000Z,1400,FILLMORE ST,"1400 FILLMORE ST Lynchburg, VA"
83728,2018000285,LARCENY - FROM VEHICLE,2018-01-05T00:00:00.000Z,200,WEXFORD PL,"0200 WEXFORD PL Lynchburg, VA"
83729,2018000922,LARCENY - OTHER,2018-01-05T00:00:00.000Z,800,CHINOOK PL,"0800 CHINOOK PL Lynchburg, VA"
83730,2018000649,LARCENY - OTHER,2018-01-05T00:00:00.000Z,2500,LINKHORNE DR,"2500 LINKHORNE DR Lynchburg, VA"
83731,2018000218,LARCENY - OTHER,2018-01-05T01:30:00.000Z,800,GREENFIELD DR,"0800 GREENFIELD DR Lynchburg, VA"
83732,2018000227,ASSAULT/SIMPLE,2018-01-05T09:58:59.000Z,5200,FORT AVE,"5200 FORT AVE Lynchburg, VA"
83733,2018000254,ASSAULT/SIMPLE,2018-01-05T12:00:00.000Z,2500,HIGH ST,"2500 HIGH ST Lynchburg, VA"
83734,2018000245,ASSAULT/SIMPL/HSHLD,2018-01-05T13:38:00.000Z,1100,E GRAND AVE,"1100 E GRAND AVE Lynchburg, VA"
83735,2018000245,LARCENY - OTHER,2018-01-05T13:38:00.000Z,1100,E GRAND AVE,"1100 E GRAND AVE Lynchburg, VA"
83736,2018000244,LARCENY - SHOPLIFTING,2018-01-05T14:00:00.000Z,2200,LAKESIDE DR,"2200 LAKESIDE DR Lynchburg, VA"
83737,2018000266,DUI,2018-01-05T21:00:00.000Z,2000,PARK AVE/LANGHORNE RD ROUNDABOUT,"PARK AVE / LANGHORNE RD ROUNDABOUT Lynchburg, VA"
83738,2018000266,ASSAULT/ON POL OFFI,2018-01-05T21:00:00.000Z,2000,PARK AVE/LANGHORNE RD ROUNDABOUT,"PARK AVE / LANGHORNE RD ROUNDABOUT Lynchburg, VA"
83739,2018000269,ASSAULT/SIMPLE,2018-01-05T21:54:00.000Z,1400,FILLMORE ST,"1400 FILLMORE ST Lynchburg, VA"
83740,2018000774,LARCENY - SHOPLIFTING,2018-01-06T02:22:00.000Z,3200,OLD FOREST RD,"3200 OLD FOREST RD Lynchburg, VA"
83741,2018000291,LARCENY - SHOPLIFTING,2018-01-06T08:18:07.000Z,3900,WARDS RD,"3900 WARDS RD Lynchburg, VA"
83742,2018000290,ASSAULT/SIMPLE,2018-01-06T09:40:00.000Z,400,PINE ST,"0400 PINE ST Lynchburg, VA"
83743,2018000300,LARCENY - SHOPLIFTING,2018-01-06T11:46:51.000Z,3400,CANDLERS MOUNTAIN RD,"3400 CANDLERS MOUNTAIN RD Lynchburg, VA"
83744,2018000308,ASSAULT/SIMPL/HSHLD,2018-01-06T14:00:00.000Z,1400,MONROE ST,"1400 MONROE ST Lynchburg, VA"
83745,2018000307,ASSAULT/SIMPL/HSHLD,2018-01-06T14:50:00.000Z,1400,BROOKVILLE LN,"1400 BROOKVILLE LN Lynchburg, VA"
83746,2018000409,LARCENY - OTHER,2018-01-06T22:45:00.000Z,2500,RIVERMONT AVE,"2500 RIVERMONT AVE Lynchburg, VA"
83747,2018000352,AUTO THEFT,2018-01-06T23:30:00.000Z,5700,WHITE OAK DR,"5700 WHITE OAK DR Lynchburg, VA"
83748,2018000353,AUTO THEFT,2018-01-07T00:00:00.000Z,500,WESTVIEW DR,"0500 WESTVIEW DR Lynchburg, VA"
83749,2018000345,LARCENY - OTHER,2018-01-07T00:30:00.000Z,3800,WARDS RD,"3800 WARDS RD Lynchburg, VA"
83750,2018000342,ASSAULT/SIMPL/HSHLD,2018-01-07T01:16:00.000Z,500,FRANKLIN ST,"0500 FRANKLIN ST Lynchburg, VA"
83751,2018000347,ASSAULT/AGGRAVATED,2018-01-07T02:14:02.000Z,4000,MURRAY PL,"4000 MURRAY PL Lynchburg, VA"
83752,2018000403,LARCENY - OTHER,2018-01-07T10:45:00.000Z,1700,TEXAS AVE,"1700 TEXAS AVE Lynchburg, VA"
83753,2018000360,LARCENY - SHOPLIFTING,2018-01-07T11:00:00.000Z,400,FEDERAL ST,"0400 FEDERAL ST Lynchburg, VA"
83754,2018000371,DUI,2018-01-07T19:03:00.000Z,1400,AUGUSTA ST,"1400 AUGUSTA ST Lynchburg, VA"
83755,2018000374,ASSAULT/SIMPL/HSHLD,2018-01-07T19:04:00.000Z,2100,BROADWAY ST,"2100 BROADWAY ST Lynchburg, VA"
83756,2018000388,LARCENY - SHOPLIFTING,2018-01-07T19:30:00.000Z,3900,WARDS RD,"3900 WARDS RD Lynchburg, VA"
83757,2018000378,LARCENY - OTHER,2018-01-07T21:04:04.000Z,2000,LANGHORNE RD,"2000 LANGHORNE RD Lynchburg, VA"
83758,2018000386,ASSAULT/SIMPLE,2018-01-07T21:48:00.000Z,2200,PRESTON ST,"2200 PRESTON ST Lynchburg, VA"
83759,2018001622,LARCENY - FROM VEHICLE,2018-01-08T00:00:00.000Z,1500,GARFIELD AVE,"1500 GARFIELD AVE Lynchburg, VA"
83760,2018000397,ASSAULT/SIMPL/HSHLD,2018-01-08T09:05:00.000Z,100,WESTOVER BLVD,"0100 WESTOVER BLVD Lynchburg, VA"
83761,2018000417,ASSAULT/SIMPL/HSHLD,2018-01-08T13:21:00.000Z,800,GREENFIELD DR,"0800 GREENFIELD DR Lynchburg, VA"
83762,2018000417,ASSAULT/AGGRAVATED,2018-01-08T13:21:00.000Z,800,GREENFIELD DR,"0800 GREENFIELD DR Lynchburg, VA"
83763,2018000414,LARCENY - SHOPLIFTING,2018-01-08T15:19:08.000Z,2200,LAKESIDE DR,"2200 LAKESIDE DR Lynchburg, VA"
83764,2018000501,LARCENY - OTHER,2018-01-08T15:50:00.000Z,3400,CANDLERS MOUNTAIN RD,"3400 CANDLERS MOUNTAIN RD Lynchburg, VA"
83765,2018000471,LARCENY - OTHER,2018-01-08T16:00:00.000Z,500,GRACE ST,"0500 GRACE ST Lynchburg, VA"
83766,2018000431,ASSAULT/ON POL OFFI,2018-01-08T18:28:05.000Z,1000,OAKLEY AVE,"1000 OAKLEY AVE Lynchburg, VA"
83767,2018000435,DUI,2018-01-08T18:46:59.000Z,800,GRAVES MILL RD,"0800 GRAVES MILL RD Lynchburg, VA"
83768,2018000434,DUI,2018-01-08T18:47:00.000Z,800,GRAVES MILL RD,"0800 GRAVES MILL RD Lynchburg, VA"
83769,2018001063,RAPE/FORCE,2018-01-08T18:51:00.000Z,3300,WILSON AVE,"3300 WILSON AVE Lynchburg, VA"
83770,2018000735,LARCENY - SHOPLIFTING,2018-01-09T08:00:00.000Z,3900,WARDS RD,"3900 WARDS RD Lynchburg, VA"
83771,2018000473,ASSAULT/SIMPL/HSHLD,2018-01-09T10:40:33.000Z,300,JACKSON ST,"0300 JACKSON ST Lynchburg, VA"
83772,2018000619,LARCENY - FROM VEHICLE,2018-01-09T12:00:00.000Z,4700,BOONSBORO RD,"4700 BOONSBORO RD Lynchburg, VA"
83773,2018000480,LARCENY - SHOPLIFTING,2018-01-09T12:15:52.000Z,4000,WARDS RD,"4000 WARDS RD Lynchburg, VA"
83774,2018000626,LARCENY - OTHER,2018-01-09T14:00:00.000Z,2200,TULIP ST,"2200 TULIP ST Lynchburg, VA"
83775,2018000494,LARCENY - OTHER,2018-01-09T15:16:59.000Z,700,MOHAWK DR,"0700 MOHAWK DR Lynchburg, VA"
83776,2018000488,ASSAULT/SIMPLE,2018-01-09T15:21:52.000Z,100,MORGAN ST,"0100 MORGAN ST Lynchburg, VA"
83777,2018000513,LARCENY - FROM VEHICLE,2018-01-09T20:00:00.000Z,500,WILTON AVE,"0500 WILTON AVE Lynchburg, VA"
83778,2018000504,ASSAULT/SIMPLE,2018-01-09T20:15:59.000Z,100,WESTOVER BLVD,"0100 WESTOVER BLVD Lynchburg, VA"
83779,2018000503,ASSAULT/SIMPL/HSHLD,2018-01-09T20:30:00.000Z,0,JACKSON ST,"0000 JACKSON ST Lynchburg, VA"
83780,2018000506,ASSAULT/SIMPLE,2018-01-09T21:19:00.000Z,1500,TAYLOR ST/16TH ST,"TAYLOR ST / 16TH ST Lynchburg, VA"
83781,2018000508,ASSAULT/SIMPLE,2018-01-09T22:11:32.000Z,1100,FILLMORE ST,"1100 FILLMORE ST Lynchburg, VA"
83782,2018000522,LARCENY - FROM VEHICLE,2018-01-09T23:23:29.000Z,0,BEVERLY ST,"0000 BEVERLY ST Lynchburg, VA"
83783,2018000563,ASSAULT/SIMPLE,2018-01-10T00:00:00.000Z,800,FLORIDA AVE,"0800 FLORIDA AVE Lynchburg, VA"
83784,2018000524,ASSAULT/SIMPL/HSHLD,2018-01-10T00:30:30.000Z,400,MONTICELLO AVE,"0400 MONTICELLO AVE Lynchburg, VA"
83785,2018000521,ASSAULT/SIMPL/HSHLD,2018-01-10T01:26:59.000Z,1000,TERRY CT,"1000 TERRY CT Lynchburg, VA"
83786,2018000536,ASSAULT/SIMPLE,2018-01-10T09:46:00.000Z,100,MILL RIDGE RD,"0100 MILL RIDGE RD Lynchburg, VA"
83787,2018000555,DUI,2018-01-10T13:23:12.000Z,3000,HILL ST,"3000 HILL ST Lynchburg, VA"
83788,2018000558,LARCENY - OTHER,2018-01-10T13:30:00.000Z,900,COURT ST,"0900 COURT ST Lynchburg, VA"
83789,2018000562,ASSAULT/SIMPLE,2018-01-10T17:42:00.000Z,1600,FILLMORE ST,"1600 FILLMORE ST Lynchburg, VA"
83790,2018000631,LARCENY - OTHER,2018-01-11T00:00:00.000Z,400,WOODWAY DR,"0400 WOODWAY DR Lynchburg, VA"
83791,2018000613,ASSAULT/SIMPL/HSHLD,2018-01-11T05:59:59.000Z,1100,DEARING ST,"1100 DEARING ST Lynchburg, VA"
83792,2018000653,LARCENY - OTHER,2018-01-11T08:00:00.000Z,2400,ATHERHOLT RD,"2400 ATHERHOLT RD Lynchburg, VA"
83793,2018000635,ASSAULT/SIMPLE,2018-01-11T08:22:00.000Z,3100,WARDS FERRY RD,"3100 WARDS FERRY RD Lynchburg, VA"
83794,2018000629,LARCENY - OTHER,2018-01-11T09:00:00.000Z,1800,MEMORIAL AVE,"1800 MEMORIAL AVE Lynchburg, VA"
83795,2018000644,ASSAULT/SIMPLE,2018-01-11T14:47:45.000Z,2500,LINKHORNE DR,"2500 LINKHORNE DR Lynchburg, VA"
83796,2018000660,ASSAULT/SIMPL/HSHLD,2018-01-11T16:24:37.000Z,0,VILLAGE RD,"0000 VILLAGE RD Lynchburg, VA"
83797,2018000669,LARCENY - FROM VEHICLE,2018-01-11T19:30:00.000Z,300,WESTOVER BLVD,"0300 WESTOVER BLVD Lynchburg, VA"
83798,2018000680,LARCENY - FROM VEHICLE,2018-01-11T19:30:00.000Z,400,WESTOVER BLVD,"0400 WESTOVER BLVD Lynchburg, VA"
83799,2018000678,ASSAULT/SIMPL/HSHLD,2018-01-11T21:11:00.000Z,1600,FILLMORE ST,"1600 FILLMORE ST Lynchburg, VA"
83800,2018000681,ASSAULT/AGGRAVATED,2018-01-11T22:30:00.000Z,2600,MEMORIAL AVE,"2600 MEMORIAL AVE Lynchburg, VA"
83801,2018000683,MURDER/VOL-MANSLAUG,2018-01-11T23:45:00.000Z,1800,TAYLOR ST,"1800 TAYLOR ST Lynchburg, VA"
83802,2018000720,ASSAULT/SIMPLE,2018-01-12T00:00:00.000Z,300,BUENA VISTA ST,"0300 BUENA VISTA ST Lynchburg, VA"
83803,2018000688,ASSAULT/AGGRAVATED,2018-01-12T05:55:45.000Z,2000,PANSY ST,"2000 PANSY ST Lynchburg, VA"
83804,2018000691,ASSAULT/SIMPLE,2018-01-12T07:28:08.000Z,3100,WARDS FERRY RD,"3100 WARDS FERRY RD Lynchburg, VA"
83805,2018000710,LARCENY - OTHER,2018-01-12T13:39:00.000Z,2300,ATHERHOLT RD,"2300 ATHERHOLT RD Lynchburg, VA"
83806,2018000721,LARCENY - OTHER,2018-01-12T15:08:04.000Z,1000,SANDUSKY DR,"1000 SANDUSKY DR Lynchburg, VA"
83807,2018000725,LARCENY - SHOPLIFTING,2018-01-12T17:40:00.000Z,3700,CANDLERS MOUNTAIN RD,"3700 CANDLERS MOUNTAIN RD Lynchburg, VA"
83808,2018000745,DUI,2018-01-12T20:05:00.000Z,3400,CANDLERS MOUNTAIN RD,"3400 CANDLERS MOUNTAIN RD Lynchburg, VA"
83809,2018000750,ASSAULT/SIMPL/HSHLD,2018-01-13T00:00:00.000Z,1500,EDLEY PL,"1500 EDLEY PL Lynchburg, VA"
83810,2018000761,LARCENY - FROM VEHICLE,2018-01-13T00:01:00.000Z,1000,CRAIGMONT DR,"1000 CRAIGMONT DR Lynchburg, VA"
83811,2018000800,LARCENY - OTHER,2018-01-13T09:00:00.000Z,3000,WARDS FERRY RD,"3000 WARDS FERRY RD Lynchburg, VA"
83812,2018000766,ASSAULT/AGGR/HSHLD,2018-01-13T12:15:00.000Z,2200,RIVERMONT AVE,"2200 RIVERMONT AVE Lynchburg, VA"
83813,2018001503,LARCENY - OTHER,2018-01-13T15:00:00.000Z,600,JACKSON ST,"0600 JACKSON ST Lynchburg, VA"
83814,2018000785,ASSAULT/AGGRAVATED,2018-01-13T16:04:00.000Z,2300,LAKESIDE DR,"2300 LAKESIDE DR Lynchburg, VA"
83815,2018000848,LARCENY - FROM VEHICLE,2018-01-13T22:00:00.000Z,3500,PLYMOUTH PL,"3500 PLYMOUTH PL Lynchburg, VA"
83816,2018000842,LARCENY - FROM VEHICLE,2018-01-13T23:00:00.000Z,500,ROLFE AVE,"0500 ROLFE AVE Lynchburg, VA"
83817,2018000958,LARCENY - OTHER,2018-01-14T00:00:00.000Z,1400,KEMPER ST,"1400 KEMPER ST Lynchburg, VA"
83818,2018000829,LARCENY - OTHER,2018-01-14T00:16:37.000Z,7800,TIMBERLAKE RD,"7800 TIMBERLAKE RD Lynchburg, VA"
83819,2018000835,AUTO THEFT,2018-01-14T02:00:00.000Z,1500,PARK AVE,"1500 PARK AVE Lynchburg, VA"
83820,2018000834,DUI,2018-01-14T02:19:13.000Z,100,PATRICK ST/1ST ST,"PATRICK ST / 1ST ST Lynchburg, VA"
83821,2018000843,ASSAULT/SIMPL/HSHLD,2018-01-14T12:21:44.000Z,2000,LANGHORNE RD,"2000 LANGHORNE RD Lynchburg, VA"
83822,2018000846,LARCENY - SHOPLIFTING,2018-01-14T15:13:40.000Z,2900,MEMORIAL AVE,"2900 MEMORIAL AVE Lynchburg, VA"
83823,2018000849,LARCENY - SHOPLIFTING,2018-01-14T15:34:11.000Z,4000,WARDS RD,"4000 WARDS RD Lynchburg, VA"
83824,2018000857,LARCENY - SHOPLIFTING,2018-01-14T18:46:40.000Z,2900,MEMORIAL AVE,"2900 MEMORIAL AVE Lynchburg, VA"
83825,2018000859,ASSAULT/SIMPL/HSHLD,2018-01-14T20:23:28.000Z,3400,FORT AVE,"3400 FORT AVE Lynchburg, VA"
83826,2018000868,ASSAULT/AGGRAVATED,2018-01-15T06:00:00.000Z,600,LEESVILLE RD,"0600 LEESVILLE RD Lynchburg, VA"
83827,2018000882,ASSAULT/SIMPL/HSHLD,2018-01-15T12:00:00.000Z,1400,KEMPER ST,"1400 KEMPER ST Lynchburg, VA"
83828,2018000952,ASSAULT/SIMPLE,2018-01-15T14:15:00.000Z,900,HOLLINS ST,"0900 HOLLINS ST Lynchburg, VA"
83829,2018000888,ASSAULT/SIMPLE,2018-01-15T15:30:00.000Z,3200,FOREST BROOK RD,"3200 FOREST BROOK RD Lynchburg, VA"
83830,2018000891,ASSAULT/SIMPL/HSHLD,2018-01-15T18:50:04.000Z,1500,GRACE ST,"1500 GRACE ST Lynchburg, VA"
83831,2018000938,ASSAULT/SIMPLE,2018-01-15T22:00:00.000Z,3800,WARDS RD,"3800 WARDS RD Lynchburg, VA"
83832,2018001270,ASSAULT/SIMPLE,2018-01-16T00:00:00.000Z,2500,LINKHORNE DR,"2500 LINKHORNE DR Lynchburg, VA"
83833,2018000964,ASSAULT/SIMPLE,2018-01-16T00:00:00.000Z,2900,MEMORIAL AVE,"2900 MEMORIAL AVE Lynchburg, VA"
83834,2018000933,LARCENY - SHOPLIFTING,2018-01-16T12:35:47.000Z,4000,WARDS RD,"4000 WARDS RD Lynchburg, VA"
83835,2018000937,ASSAULT/SIMPL/HSHLD,2018-01-16T13:31:24.000Z,1400,KEMPER ST,"1400 KEMPER ST Lynchburg, VA"
83836,2018000955,LARCENY - SHOPLIFTING,2018-01-16T17:50:00.000Z,4000,WARDS RD,"4000 WARDS RD Lynchburg, VA"
83837,2018000953,ASSAULT/SIMPLE,2018-01-16T18:07:52.000Z,2200,KING ST,"2200 KING ST Lynchburg, VA"
83838,2018000967,ASSAULT/SIMPL/HSHLD,2018-01-16T21:00:00.000Z,2100,LAKESIDE DR,"2100 LAKESIDE DR Lynchburg, VA"
83839,2018000968,LARCENY - OTHER,2018-01-16T23:52:30.000Z,1800,WARDS FERRY RD,"1800 WARDS FERRY RD Lynchburg, VA"
83840,2018001361,LARCENY - FROM VEHICLE,2018-01-17T00:00:00.000Z,1400,MONROE ST,"1400 MONROE ST Lynchburg, VA"
83841,2018002282,LARCENY - FROM VEHICLE,2018-01-17T00:00:00.000Z,200,RIDGELAWN PL,"0200 RIDGELAWN PL Lynchburg, VA"
83842,2018000979,LARCENY - OTHER,2018-01-17T11:30:00.000Z,3200,MEMORIAL AVE,"3200 MEMORIAL AVE Lynchburg, VA"
83843,2018001010,LARCENY - FROM VEHICLE,2018-01-17T19:00:00.000Z,200,RIDGELAWN PL,"0200 RIDGELAWN PL Lynchburg, VA"
83844,2018000997,ASSAULT/SIMPL/HSHLD,2018-01-17T19:11:00.000Z,700,HANCOCK ST,"0700 HANCOCK ST Lynchburg, VA"
83845,2018001498,LARCENY - OTHER,2018-01-18T00:00:00.000Z,500,NEWBERNE ST,"0500 NEWBERNE ST Lynchburg, VA"
83846,2018003143,LARCENY - FROM VEHICLE,2018-01-18T00:00:00.000Z,100,ROBERTS AVE,"0100 ROBERTS AVE Lynchburg, VA"
83847,2018001002,ASSAULT/SIMPL/HSHLD,2018-01-18T02:05:49.000Z,100,HILLSIDE CT,"0100 HILLSIDE CT Lynchburg, VA"
83848,2018001020,ASSAULT/SIMPLE,2018-01-18T06:00:00.000Z,3200,CAMPBELL AVE,"3200 CAMPBELL AVE Lynchburg, VA"
83849,2018001354,LARCENY - OTHER,2018-01-18T13:00:00.000Z,200,WADSWORTH ST,"0200 WADSWORTH ST Lynchburg, VA"
83850,2018001023,AUTO THEFT,2018-01-18T16:30:15.000Z,1400,PIERCE ST,"1400 PIERCE ST Lynchburg, VA"
83851,2018001297,LARCENY - FROM VEHICLE,2018-01-18T17:00:00.000Z,3500,CAMPBELL AVE,"3500 CAMPBELL AVE Lynchburg, VA"
83852,2018001398,LARCENY - OTHER,2018-01-18T18:00:00.000Z,3700,CANDLERS MOUNTAIN RD,"3700 CANDLERS MOUNTAIN RD Lynchburg, VA"
83853,2018001029,ASSAULT/SIMPL/HSHLD,2018-01-18T22:44:40.000Z,300,KEYWOOD DR,"0300 KEYWOOD DR Lynchburg, VA"
83854,2018001036,ASSAULT/SIMPLE,2018-01-18T23:17:00.000Z,2200,MEMORIAL AVE,"2200 MEMORIAL AVE Lynchburg, VA"
83855,2018001083,LARCENY - OTHER,2018-01-19T08:30:00.000Z,200,WAYNE DR,"0200 WAYNE DR Lynchburg, VA"
83856,2018001048,LARCENY - FROM VEHICLE,2018-01-19T09:00:00.000Z,7900,GRAVES MILL RD,"7900 GRAVES MILL RD Lynchburg, VA"
83857,2018001059,LARCENY - OTHER,2018-01-19T12:55:05.000Z,100,CORNERSTONE ST,"0100 CORNERSTONE ST Lynchburg, VA"
83858,2018001090,ASSAULT/SIMPL/HSHLD,2018-01-19T20:44:16.000Z,5900,RHONDA RD,"5900 RHONDA RD Lynchburg, VA"
83859,2018001114,ASSAULT/SIMPL/HSHLD,2018-01-20T00:00:00.000Z,800,RIVERMONT AVE,"0800 RIVERMONT AVE Lynchburg, VA"
83860,2018001144,ASSAULT/SIMPL/HSHLD,2018-01-20T00:00:00.000Z,600,MILL STREAM LN,"0600 MILL STREAM LN Lynchburg, VA"
83861,2018001112,DUI,2018-01-20T01:22:59.000Z,200,9TH ST/CHURCH ST,"9TH ST / CHURCH ST Lynchburg, VA"
83862,2018001128,ASSAULT/SIMPL/HSHLD,2018-01-20T11:00:00.000Z,0,BELLE TERRE DR,"0000 BELLE TERRE DR Lynchburg, VA"
83863,2018001132,ASSAULT/SIMPL/HSHLD,2018-01-20T12:00:00.000Z,1000,PIERCE ST,"1000 PIERCE ST Lynchburg, VA"
83864,2018001311,LARCENY - OTHER,2018-01-20T12:30:00.000Z,700,CLAY ST,"0700 CLAY ST Lynchburg, VA"
83865,2018001339,LARCENY - VEHICLE PARTS,2018-01-20T15:00:00.000Z,300,CLEVELAND AVE,"0300 CLEVELAND AVE Lynchburg, VA"
83866,2018001169,LARCENY - SHOPLIFTING,2018-01-20T17:38:55.000Z,300,12TH ST,"0300 12TH ST Lynchburg, VA"
83867,2018002920,LARCENY - SHOPLIFTING,2018-01-20T20:07:00.000Z,3900,WARDS RD,"3900 WARDS RD Lynchburg, VA"
83868,2018001287,LARCENY - FROM VEHICLE,2018-01-20T20:30:00.000Z,100,AARON PL,"0100 AARON PL Lynchburg, VA"
83869,2018001174,ASSAULT/SIMPLE,2018-01-20T20:59:59.000Z,3700,CANDLERS MOUNTAIN RD,"3700 CANDLERS MOUNTAIN RD Lynchburg, VA"
83870,2018001204,ASSAULT/SIMPL/HSHLD,2018-01-20T22:00:00.000Z,100,HAVENWOOD DR,"0100 HAVENWOOD DR Lynchburg, VA"
83871,2018001226,AUTO THEFT,2018-01-20T23:00:00.000Z,800,4TH ST,"0800 4TH ST Lynchburg, VA"
83872,2018001380,LARCENY - SHOPLIFTING,2018-01-21T01:45:00.000Z,3200,OLD FOREST RD,"3200 OLD FOREST RD Lynchburg, VA"
83873,2018001227,ASSAULT/SIMPL/HSHLD,2018-01-21T05:00:00.000Z,1100,CHESTNUT HILL DR,"1100 CHESTNUT HILL DR Lynchburg, VA"
83874,2018001222,AUTO THEFT,2018-01-21T06:14:37.000Z,2200,ARAGON ST,"2200 ARAGON ST Lynchburg, VA"
83875,2018001232,ASSAULT/SIMPLE,2018-01-21T11:17:05.000Z,1400,7TH ST,"1400 7TH ST Lynchburg, VA"
83876,2018001241,ASSAULT/SIMPL/HSHLD,2018-01-21T16:32:14.000Z,200,MORGAN ST,"0200 MORGAN ST Lynchburg, VA"
83877,2018001258,ASSAULT/ON POL OFFI,2018-01-21T23:49:00.000Z,3700,CAMPBELL AVE/WOODROW ST,"CAMPBELL AVE / WOODROW ST Lynchburg, VA"
83878,2018001680,LARCENY - OTHER,2018-01-22T12:00:00.000Z,1100,EARLY ST,"1100 EARLY ST Lynchburg, VA"
83879,2018001357,LARCENY - OTHER,2018-01-22T15:00:00.000Z,2400,WOODROW ST,"2400 WOODROW ST Lynchburg, VA"
83880,2018001305,LARCENY - OTHER,2018-01-22T15:00:00.000Z,2000,GARFIELD AVE,"2000 GARFIELD AVE Lynchburg, VA"
83881,2018001341,LARCENY - FROM VEHICLE,2018-01-22T15:30:00.000Z,2500,MORSON ST,"2500 MORSON ST Lynchburg, VA"
83882,2018001652,LARCENY - SHOPLIFTING,2018-01-22T17:05:00.000Z,4000,WARDS RD,"4000 WARDS RD Lynchburg, VA"
83883,2018001516,ASSAULT/AGGR/HSHLD,2018-01-22T18:00:00.000Z,1400,GARFIELD AVE,"1400 GARFIELD AVE Lynchburg, VA"
83884,2018001516,RAPE/FORCE,2018-01-22T18:00:00.000Z,1400,GARFIELD AVE,"1400 GARFIELD AVE Lynchburg, VA"
83885,2018001314,LARCENY - SHOPLIFTING,2018-01-22T18:31:58.000Z,2300,MEMORIAL AVE,"2300 MEMORIAL AVE Lynchburg, VA"
83886,2018001344,LARCENY - OTHER,2018-01-22T21:00:00.000Z,1000,POLK ST,"1000 POLK ST Lynchburg, VA"
83887,2018001333,LARCENY - FROM VEHICLE,2018-01-22T22:45:00.000Z,2300,FORT AVE,"2300 FORT AVE Lynchburg, VA"
83888,2018001396,ASSAULT/SIMPLE,2018-01-23T00:00:00.000Z,100,JACKSON ST,"0100 JACKSON ST Lynchburg, VA"
83889,2018001386,ASSAULT/SIMPL/HSHLD,2018-01-23T00:00:00.000Z,7500,TIMBERLAKE RD,"7500 TIMBERLAKE RD Lynchburg, VA"
83890,2018003127,LARCENY - OTHER,2018-01-23T10:00:00.000Z,6000,PAWNEE DR,"6000 PAWNEE DR Lynchburg, VA"
83891,2018001381,LARCENY - FROM VEHICLE,2018-01-23T17:00:00.000Z,300,RIVERSIDE DR,"0300 RIVERSIDE DR Lynchburg, VA"
83892,2018001393,AUTO THEFT,2018-01-23T18:00:00.000Z,3300,CAMPBELL AVE,"3300 CAMPBELL AVE Lynchburg, VA"
83893,2018001387,ASSAULT/SIMPLE,2018-01-23T21:00:00.000Z,1700,LOCUST ST,"1700 LOCUST ST Lynchburg, VA"
83894,2018001391,ASSAULT/SIMPLE,2018-01-24T00:43:44.000Z,1300,RUFFNER PL,"1300 RUFFNER PL Lynchburg, VA"
83895,2018001414,ASSAULT/SIMPLE,2018-01-24T14:20:00.000Z,1300,BUCHANAN ST,"1300 BUCHANAN ST Lynchburg, VA"
83896,2018001413,ASSAULT/SIMPLE,2018-01-24T14:21:31.000Z,900,MAIN ST,"0900 MAIN ST Lynchburg, VA"
83897,2018001417,LARCENY - SHOPLIFTING,2018-01-24T14:50:00.000Z,3900,WARDS RD,"3900 WARDS RD Lynchburg, VA"
83898,2018001451,AUTO THEFT,2018-01-24T15:00:00.000Z,300,WINSTON RIDGE RD,"0300 WINSTON RIDGE RD Lynchburg, VA"
83899,2018001499,LARCENY - FROM VEHICLE,2018-01-24T19:30:00.000Z,1500,SOMERSET DR,"1500 SOMERSET DR Lynchburg, VA"
83900,2018001442,ASSAULT/ON POL OFFI,2018-01-24T22:12:00.000Z,400,RIVERMONT AVE,"0400 RIVERMONT AVE Lynchburg, VA"
83901,2018001487,ASSAULT/SIMPL/HSHLD,2018-01-25T00:00:00.000Z,900,BILTMORE AVE,"0900 BILTMORE AVE Lynchburg, VA"
83902,2018001482,LARCENY - SHOPLIFTING,2018-01-25T13:11:00.000Z,3900,WARDS RD,"3900 WARDS RD Lynchburg, VA"
83903,2018001491,ASSAULT/SIMPL/HSHLD,2018-01-25T14:35:00.000Z,1100,STRATFORD RD,"1100 STRATFORD RD Lynchburg, VA"
83904,2018001496,ASSAULT/SIMPLE,2018-01-25T15:45:00.000Z,7500,TIMBERLAKE RD,"7500 TIMBERLAKE RD Lynchburg, VA"
83905,2018001527,LARCENY - OTHER,2018-01-25T16:30:01.000Z,1000,ROBINS RD,"1000 ROBINS RD Lynchburg, VA"
83906,2018001501,LARCENY - SHOPLIFTING,2018-01-25T17:29:59.000Z,4000,WARDS RD,"4000 WARDS RD Lynchburg, VA"
83907,2018002820,LARCENY - VEHICLE PARTS,2018-01-26T00:00:00.000Z,1000,DANDRIDGE DR,"1000 DANDRIDGE DR Lynchburg, VA"
83908,2018001588,LARCENY - FROM VEHICLE,2018-01-26T06:30:00.000Z,3300,CANDLERS MOUNTAIN RD,"3300 CANDLERS MOUNTAIN RD Lynchburg, VA"
83909,2018001598,AUTO THEFT,2018-01-26T15:00:00.000Z,800,PIERCE ST,"0800 PIERCE ST Lynchburg, VA"
83910,2018001597,DUI,2018-01-26T17:59:59.000Z,4000,WARDS RD,"4000 WARDS RD Lynchburg, VA"
83911,2018001796,ASSAULT/SIMPLE,2018-01-26T22:00:00.000Z,1500,LAKESIDE DR,"1500 LAKESIDE DR Lynchburg, VA"
83912,2018002382,LARCENY - FROM VEHICLE,2018-01-27T00:00:00.000Z,4400,BOONSBORO RD,"4400 BOONSBORO RD Lynchburg, VA"
83913,2018001609,ASSAULT/SIMPLE,2018-01-27T06:55:00.000Z,2200,FLORIDA AVE,"2200 FLORIDA AVE Lynchburg, VA"
83914,2018001615,LARCENY - FROM VEHICLE,2018-01-27T11:24:01.000Z,1100,MCCONVILLE RD,"1100 MCCONVILLE RD Lynchburg, VA"
83915,2018001620,LARCENY - SHOPLIFTING,2018-01-27T18:37:48.000Z,4000,WARDS RD,"4000 WARDS RD Lynchburg, VA"
83916,2018001630,ASSAULT/SIMPLE,2018-01-27T21:08:00.000Z,2200,PARK AVE,"2200 PARK AVE Lynchburg, VA"
83917,2018001641,ASSAULT/SIMPL/HSHLD,2018-01-27T23:13:00.000Z,600,CHAMBERS ST,"0600 CHAMBERS ST Lynchburg, VA"
83918,2018001641,ASSAULT/AGGR/HSHLD,2018-01-27T23:13:00.000Z,600,CHAMBERS ST,"0600 CHAMBERS ST Lynchburg, VA"
83919,2018001643,LARCENY - VEHICLE PARTS,2018-01-27T23:30:00.000Z,1000,5TH ST,"1000 5TH ST Lynchburg, VA"
83920,2018001639,ASSAULT/SIMPLE,2018-01-28T00:23:24.000Z,4600,MURRAY PL,"4600 MURRAY PL Lynchburg, VA"
83921,2018001650,ASSAULT/SIMPL/HSHLD,2018-01-28T14:00:00.000Z,700,KENBRIDGE RD,"0700 KENBRIDGE RD Lynchburg, VA"
83922,2018001691,ASSAULT/SIMPLE,2018-01-28T18:00:00.000Z,800,GREENFIELD DR,"0800 GREENFIELD DR Lynchburg, VA"
83923,2018002331,ASSAULT/SIMPLE,2018-01-29T00:00:00.000Z,900,VIRGINIA ST,"0900 VIRGINIA ST Lynchburg, VA"
83924,2018001666,ASSAULT/ON POL OFFI,2018-01-29T01:22:00.000Z,2200,RIVERMONT AVE,"2200 RIVERMONT AVE Lynchburg, VA"
83925,2018001676,LARCENY - SHOPLIFTING,2018-01-29T06:44:00.000Z,2200,LAKESIDE DR,"2200 LAKESIDE DR Lynchburg, VA"
83926,2018001956,LARCENY - OTHER,2018-01-29T07:30:00.000Z,3300,OLD FOREST RD,"3300 OLD FOREST RD Lynchburg, VA"
83927,2018001685,ASSAULT/SIMPLE,2018-01-29T10:30:00.000Z,1200,POLK ST,"1200 POLK ST Lynchburg, VA"
83928,2018001711,LARCENY - OTHER,2018-01-29T14:50:32.000Z,600,PIERCE ST,"0600 PIERCE ST Lynchburg, VA"
83929,2018002037,LARCENY - FROM VEHICLE,2018-01-29T22:00:00.000Z,200,RIVERSIDE DR,"0200 RIVERSIDE DR Lynchburg, VA"
83930,2018001738,ASSAULT/SIMPLE,2018-01-29T22:09:00.000Z,400,HARRISON ST,"0400 HARRISON ST Lynchburg, VA"
83931,2018002577,LARCENY - OTHER,2018-01-30T00:00:00.000Z,300,NORTHWYND CIR,"0300 NORTHWYND CIR Lynchburg, VA"
83932,2018001743,LARCENY - OTHER,2018-01-30T04:24:48.000Z,3900,WARDS RD,"3900 WARDS RD Lynchburg, VA"
83933,2018001769,ASSAULT/SIMPLE,2018-01-30T14:40:00.000Z,1200,POLK ST,"1200 POLK ST Lynchburg, VA"
83934,2018001774,LARCENY - OTHER,2018-01-30T15:27:00.000Z,600,LEESVILLE RD,"0600 LEESVILLE RD Lynchburg, VA"
83935,2018001776,ASSAULT/AGGR/HSHLD,2018-01-30T17:44:52.000Z,1500,LONGVIEW RD,"1500 LONGVIEW RD Lynchburg, VA"
83936,2018001849,LARCENY - OTHER,2018-01-30T18:00:00.000Z,400,MAGNOLIA ST,"0400 MAGNOLIA ST Lynchburg, VA"
83937,2018001788,ASSAULT/SIMPL/HSHLD,2018-01-30T21:00:00.000Z,100,KETTERING LN,"0100 KETTERING LN Lynchburg, VA"
83938,2018001791,LARCENY - FROM VEHICLE,2018-01-30T22:13:19.000Z,1200,17TH ST,"1200 17TH ST Lynchburg, VA"
83939,2018001813,ASSAULT/SIMPLE,2018-01-31T00:00:00.000Z,3100,WARDS FERRY RD,"3100 WARDS FERRY RD Lynchburg, VA"
83940,2018001810,ASSAULT/SIMPL/HSHLD,2018-01-31T10:13:47.000Z,1700,OTEY ST,"1700 OTEY ST Lynchburg, VA"
83941,2018001901,LARCENY - OTHER,2018-01-31T21:45:00.000Z,200,ROCKWELL RD,"0200 ROCKWELL RD Lynchburg, VA"